<?xml version='1.0' encoding='UTF-8'?>  
<!DOCTYPE hibernate-configuration PUBLIC  
          "-//Hibernate/Hibernate Configuration DTD 5.3//EN"  
          "http://hibernate.sourceforge.net/hibernate-configuration-5.3.dtd">

<hibernate-configuration>

	<session-factory>
		<property name="hbm2ddl.auto">create</property>
		<property name="dialect">org.hibernate.dialect.MySQL5Dialect</property>
		<property name="connection.url">jdbc:mysql://localhost/ECommercedb</property>
		<property name="connection.username">root</property>
		<property name="connection.password">root</property>
		<property name="connection.driver_class">com.mysql.jdbc.Driver</property>
		<property name="show_sql">true</property>
		<property name="format_sql">true</property>
		<property name="hbm2ddl.auto">update</property>


		<mapping class="com.entity.Customer" />
		<mapping class="com.entity.ShippingAddress" />
		<mapping class="com.entity.BillingAddress" />
		<mapping class="com.entity.User" />
		<mapping class="com.entity.Cart" />
		<mapping class="com.entity.SalesOrder" />
		<mapping class="com.entity.Product" />
		<mapping class="com.entity.CartItem" />
		<mapping class="com.entity.Authorities" />

	</session-factory>

</hibernate-configuration> 