<beans xmlns="http://www.springframework.org/schema/beans"
	xmlns:xsi="http://www.w3.org/2001/XMLSchema-instance"
	xmlns:p="http://www.springframework.org/schema/p"
	xsi:schemaLocation="http://www.springframework.org/schema/beans 
	http://www.springframework.org/schema/beans/spring-beans-3.0.xsd">


	<bean id="studentbean" class="com.spring.Student">
		<property name="studentname" value="ankit">
		</property>

		<property name="rollnumber" value="1001">
		</property>

		<property name="age" value="24">
		</property>

	</bean>
	
	
		<bean id="addressbean" class="com.spring.Address">
		
		
		<property name="addressinfo" value="new delhi">
		</property>


	</bean>
	
	

</beans>