<?xml version="1.0" encoding="UTF-8"?>
<?xml-stylesheet type="text/xsl" href="JAWK.xsl"?>

<DOCTOR_PATIENT>
   <DoctorDetails>
       <doctor>
	       <ID>1</ID>
	       <Name>Avinash</Name>
		   <surname>Jaisawal</surname>
		   <address>Noida, Sector :18</address>
		   <phonenumber>+91 8564925769</phonenumber>
		   <DOB>02/05/1990</DOB>
		   <specialization>Surgeon</specialization>
		   <appointmentday>2</appointmentday>
		   <apnum>2815,1070</apnum>
	   </doctor>
	   <doctor>
	       <ID>2</ID>
	       <Name>Raj</Name>
		   <surname>Mishra</surname>
		   <address>Lucknow, Sector :28</address>
		   <phonenumber>+91 8524973269</phonenumber>
		   <DOB>31/01/1980</DOB>
		   <specialization>Psychiatrist</specialization>
		   <appointmentday>3</appointmentday>
		   <apnum>666,299,290</apnum>
	   </doctor>
	   <doctor>
	       <ID>3</ID>
	       <Name>Sunita</Name>
		   <surname>Garg</surname>
		   <address>E-190, Sector 63 Noida, Uttar Pradesh</address>
		   <phonenumber>+91 61279 58269</phonenumber>
		   <DOB>21/12/1993</DOB>
		   <specialization>Cardiologist</specialization>
		   <appointmentday>1</appointmentday>
		   <apnum>9653</apnum>
	   </doctor>
	   <doctor>
	       <ID>4</ID>
	       <Name>Mukesh</Name>
		   <surname>Yadav</surname>
		   <address>A-42, Ground Floor, Sector-4 Noida, Uttar Pradesh, 201301</address>
		   <phonenumber>+91 89128 52238</phonenumber>
		   <DOB>09/12/1988</DOB>
		   <specialization>Cardiologist</specialization>
		   <appointmentday>4</appointmentday>
		   <apnum>928,352,1692,206</apnum>
	   </doctor>
   </DoctorDetails>
    <PatientDetails>
       <Patient>
	       <ID>1</ID>
	       <Name>Ravinder</Name>
		   <surname>Kumar</surname>
		   <address>10 Tenth St, Decapolis</address>
		   <phonenumber>+91 79797 37819</phonenumber>
		   <DOB>12/06/1993</DOB>
		   <appointmentnumber>2815</appointmentnumber>
		   <illnessDetails></illnessDetails>
	   </Patient>
	   <Patient>
	       <ID>2</ID>
	       <Name>Garfield</Name>
		   <surname>Villanueva</surname>
		   <address>H-91, Ground Floor, Sec-63 Noida, Uttar Pradesh, 201301</address>
		   <phonenumber>+91 61279 33182</phonenumber>
		   <DOB>06/09/1997</DOB>
		   <appointmentnumber>9653</appointmentnumber>
		   <illnessDetails></illnessDetails>
	   </Patient>
	   <Patient>
	       <ID>3</ID>
	       <Name>Nicolas </Name>
		   <surname> Joyner</surname>
		   <address>G-10, Krishna Complex, Sector 31 Noida, Uttar Pradesh, 201301</address>
		   <phonenumber>+91 788 721 2887</phonenumber>
		   <DOB>25/03/1981</DOB>
		   <appointmentnumber>928</appointmentnumber>
		   <illnessDetails></illnessDetails>
	   </Patient>
	   <Patient>
	       <ID>4</ID>
	       <Name>Devante</Name>
		   <surname>Huber</surname>
		   <address>C-Block, Sector-11 Noida, Uttar Pradesh, 201301</address>
		   <phonenumber>+91 89174 00215</phonenumber>
		   <DOB>01/08/1980</DOB>
		   <appointmentnumber> 352</appointmentnumber>
		   <illnessDetails></illnessDetails>
	   </Patient>
	   <Patient>
	       <ID>5</ID>
	       <Name>Jai</Name>
		   <surname>Bannister</surname>
		   <address>A-3, Sector 31 Noida, Uttar Pradesh, 201301</address>
		   <phonenumber>+91 65706 61165</phonenumber>
		   <DOB>23/01/1984</DOB>
		   <appointmentnumber>1692</appointmentnumber>
		   <illnessDetails></illnessDetails>
	   </Patient>
	   <Patient>
	       <ID>5</ID>
	       <Name>Harold</Name>
		   <surname>Seymour</surname>
		   <address>A-3, Sector 58 Noida, Uttar Pradesh, 201301</address>
		   <phonenumber>+91 788 766 0683</phonenumber>
		   <DOB>06/12/1995</DOB>
		   <appointmentnumber>206</appointmentnumber>
		   <illnessDetails></illnessDetails>
	   </Patient>
	   <Patient>
	       <ID>6</ID>
	       <Name>Robert</Name>
		   <surname>Tatiana</surname>
		   <address>C-23, 2nd Floor, Sector 63 Noida, Uttar Pradesh, 201301</address>
		   <phonenumber>+91 93314 77727</phonenumber>
		   <DOB>06/12/1995</DOB>
		   <appointmentnumber>135</appointmentnumber>
		   <illnessDetails></illnessDetails>
	   </Patient>
	   <Patient>
	       <ID>7</ID>
	       <Name>Mylo</Name>
		   <surname>Hammond</surname>
		   <address>Shop No 41, Gurgaon, Gurgaon Delhi, Delhi, 122001</address>
		   <phonenumber>+91 61279 72249</phonenumber>
		   <DOB>01/08/1980</DOB>
		   <appointmentnumber>109</appointmentnumber>
		   <illnessDetails></illnessDetails>
	   </Patient>
	   <Patient>
	       <ID>8</ID>
	       <Name>Erica</Name>
		   <surname>Gardner</surname>
		   <address>113,cie, Balanagar Hyderabad, Andhra Pradesh, 500042</address>
		   <phonenumber>+91 72228 44276</phonenumber>
		   <DOB>15/01/1984</DOB>
		   <appointmentnumber>299</appointmentnumber>
		   <illnessDetails></illnessDetails>
	   </Patient>
	   <Patient>
	       <ID>9</ID>
	       <Name>Robert</Name>
		   <surname>Alli</surname>
		   <address>Qp 56, Pitampura Delhi, Delhi, 110088</address>
		   <phonenumber>+91 61279 68215</phonenumber>
		   <DOB>27/06/1988</DOB>
		   <appointmentnumber>290</appointmentnumber>
		   <illnessDetails></illnessDetails>
	   </Patient>
	   <Patient>
	       <ID>10</ID>
	       <Name>Robson</Name>
		   <surname>Kumar</surname>
		   <address>C255, Sector 63 Noida, Uttar Pradesh, 201301</address>
		   <phonenumber>+91 80794 71735</phonenumber>
		   <DOB>16/12/1983</DOB>
		   <appointmentnumber>666</appointmentnumber>
		   <illnessDetails></illnessDetails>
	   </Patient>
	   <Patient>
	       <ID>11</ID>
	       <Name>Jhon</Name>
		   <surname>Roi</surname>
		   <address>E-190, Sector 63 Noida, Uttar Pradesh, 201301</address>
		   <phonenumber>+91 61280 78565</phonenumber>
		   <DOB>12/06/1986</DOB>
		   <appointmentnumber>1070</appointmentnumber>
		   <illnessDetails></illnessDetails>
	   </Patient>
   </PatientDetails>
</DOCTOR_PATIENT>